{"cameraMode":{"drawMode":0,"name":"Shaded","section":"Shading Mode"},"sceneLighting":false,"audioPlay":false,"sceneViewState":{"showFog":true,"showMaterialUpdate":false,"showSkybox":false,"showFlares":true,"showImageEffects":true,"showParticleSystems":true},"in2DMode":false,"pivot":{"x":0.282268762588501,"y":0.31185317039489748,"z":0.10344471037387848},"rotation":{"x":-0.1789294183254242,"y":0.6790995597839356,"z":-0.17616286873817445,"w":-0.6897780299186707},"size":1.3267951011657715,"orthographic":false}